category,url
Air Fryer Recipes,https://www.allrecipes.com/recipes/23070/everyday-cooking/cookware-and-equipment/air-fryer/
Allrecipes Allstar Recipes,https://www.allrecipes.com/recipes/16492/everyday-cooking/special-collections/allrecipes-allstars/
Angel Food Cakes,https://www.allrecipes.com/recipes/385/desserts/cakes/angel-food-cake/
Antipasti,https://www.allrecipes.com/recipes/102/appetizers-and-snacks/antipasto/
Appetizers and Snacks,https://www.allrecipes.com/recipes/76/appetizers-and-snacks/
Apple Pie,https://www.allrecipes.com/recipes/788/desserts/pies/apple-pie/
Applesauce,https://www.allrecipes.com/recipes/1333/side-dish/applesauce/
Artichoke Dips,https://www.allrecipes.com/recipes/14913/appetizers-and-snacks/dips-and-spreads/artichoke-dip/
Bagels,https://www.allrecipes.com/recipes/1537/bread/yeast-bread/bagels/
Baked Beans,https://www.allrecipes.com/recipes/1673/side-dish/beans-and-peas/baked-beans/
Banana Breads,https://www.allrecipes.com/recipes/343/bread/quick-bread/fruit-bread/banana-bread/
Bar Cookies,https://www.allrecipes.com/recipes/836/desserts/cookies/bar-cookies/
Beef Recipes,https://www.allrecipes.com/recipes/200/meat-and-poultry/beef/
Beef Stews,https://www.allrecipes.com/recipes/14730/soups-stews-and-chili/stews/beef/
Beef Stroganoff,https://www.allrecipes.com/recipes/17123/main-dish/beef/beef-stroganoff/
Beef Tenderloin,https://www.allrecipes.com/recipes/469/meat-and-poultry/beef/tenderloin/
Biscotti,https://www.allrecipes.com/recipes/837/desserts/cookies/biscotti/
Chowders,https://www.allrecipes.com/recipes/174/soups-stews-and-chili/chowders/
Christmas,https://www.allrecipes.com/recipes/187/holidays-and-events/christmas/
Christmas Cookies,https://www.allrecipes.com/recipes/841/holidays-and-events/christmas/desserts/christmas-cookies/
Cinnamon Rolls,https://www.allrecipes.com/recipes/1306/bread/pastries/cinnamon-rolls/
Cobblers,https://www.allrecipes.com/recipes/361/desserts/cobbler/
Cocktails,https://www.allrecipes.com/recipes/133/drinks/cocktails/
Coffee Cakes,https://www.allrecipes.com/recipes/389/desserts/cakes/coffee-cake/
Coleslaws,https://www.allrecipes.com/recipes/218/salad/coleslaw/
Comfort Food,https://www.allrecipes.com/recipes/16099/everyday-cooking/comfort-food/
Cookies,https://www.allrecipes.com/recipes/362/desserts/cookies/
Cooking for a Crowd,https://www.allrecipes.com/recipes/17662/everyday-cooking/cooking-for-a-crowd/
Cooking for One,https://www.allrecipes.com/recipes/15050/everyday-cooking/cooking-for-one/
Cooking for Two,https://www.allrecipes.com/recipes/476/everyday-cooking/cooking-for-two/
Copycat Recipes,https://www.allrecipes.com/recipes/17539/everyday-cooking/more-meal-ideas/copycat/
Cornbread,https://www.allrecipes.com/recipes/342/bread/quick-bread/cornbread/
Corned Beef,https://www.allrecipes.com/recipes/472/main-dish/beef/corned-beef/
Crab Cakes,https://www.allrecipes.com/recipes/1240/appetizers-and-snacks/seafood/crab/crab-cakes/
Crackers,https://www.allrecipes.com/recipes/16212/appetizers-and-snacks/snacks/crackers/
Cranberry Sauces,https://www.allrecipes.com/recipes/1260/side-dish/sauces-and-condiments/sauces/cranberry-sauce/
Creme Brulee,https://www.allrecipes.com/recipes/14444/desserts/custards-and-puddings/creme-brulee/
Crisps and Crumbles,https://www.allrecipes.com/recipes/15840/desserts/crisps-and-crumbles/
Cupcakes,https://www.allrecipes.com/recipes/377/desserts/cakes/cupcakes/
Danishes,https://www.allrecipes.com/recipes/16327/bread/pastries/danishes/
Desserts,https://www.allrecipes.com/recipes/79/desserts/
Deviled Eggs,https://www.allrecipes.com/recipes/110/appetizers-and-snacks/deviled-eggs/
Diabetic,https://www.allrecipes.com/recipes/739/healthy-recipes/diabetic/
Dinner,https://www.allrecipes.com/recipes/17562/dinner/
Divinity,https://www.allrecipes.com/recipes/752/desserts/candy/divinity/
Diwali,https://www.allrecipes.com/recipes/23278/holidays-and-events/diwali/
Doughnuts,https://www.allrecipes.com/recipes/355/bread/pastries/doughnuts/
Drop Cookies,https://www.allrecipes.com/recipes/16394/desserts/cookies/drop-cookies/
Dumplings,https://www.allrecipes.com/recipes/535/main-dish/dumplings/
Easter,https://www.allrecipes.com/recipes/188/holidays-and-events/easter/
Egg Rolls,https://www.allrecipes.com/recipes/16366/appetizers-and-snacks/wraps-and-rolls/egg-rolls/
Egg Salads,https://www.allrecipes.com/recipes/1986/salad/egg-salad/
Eggnog,https://www.allrecipes.com/recipes/141/drinks/eggnog/
Eggplant Parmesan,https://www.allrecipes.com/recipes/17635/main-dish/vegetable-main-dishes/eggplant-parmesan/
Empanadas,https://www.allrecipes.com/recipes/23131/appetizers-and-snacks/pastries/empanadas/
Enchiladas,https://www.allrecipes.com/recipes/1218/world-cuisine/latin-american/mexican/main-dishes/enchiladas/
Energy Balls,https://www.allrecipes.com/recipes/17800/appetizers-and-snacks/snacks/energy-balls/
English Muffins,https://www.allrecipes.com/recipes/17575/bread/yeast-bread/english-muffins/
Etouffee,https://www.allrecipes.com/recipes/1425/soups-stews-and-chili/stews/etouffee/
Fajitas,https://www.allrecipes.com/recipes/1220/world-cuisine/latin-american/mexican/main-dishes/fajitas/
Falafel,https://www.allrecipes.com/recipes/23250/everyday-cooking/vegetarian/main-dishes/beans-and-peas/falafel/
Father's Day,https://www.allrecipes.com/recipes/1641/holidays-and-events/fathers-day/
Fettuccini,https://www.allrecipes.com/recipes/501/pasta-and-noodles/pasta-by-shape/fettuccini/
Filet Mignon,https://www.allrecipes.com/recipes/1024/meat-and-poultry/beef/steaks/filet-mignon/
Flan,https://www.allrecipes.com/recipes/14445/desserts/custards-and-puddings/flan/
Flank Steak,https://www.allrecipes.com/recipes/1023/meat-and-poultry/beef/steaks/flank-steak/
Flat Iron Steak,https://www.allrecipes.com/recipes/17641/meat-and-poultry/beef/steaks/flat-iron-steak/
Flatbreads,https://www.allrecipes.com/recipes/345/bread/yeast-bread/flat-bread/
Fondant,https://www.allrecipes.com/recipes/2417/desserts/frostings-and-icings/fondant/
Food Gifts,https://www.allrecipes.com/recipes/958/holidays-and-events/christmas/food-gifts/
French Onion Soups,https://www.allrecipes.com/recipes/16009/soups-stews-and-chili/soup/vegetable-soup/onion-soup/french-onion-soup/
French Toast,https://www.allrecipes.com/recipes/149/breakfast-and-brunch/french-toast/
Fried Chicken,https://www.allrecipes.com/recipes/650/meat-and-poultry/chicken/fried-chicken/
Fried Rice,https://www.allrecipes.com/recipes/14363/main-dish/rice/fried-rice/
Fries,https://www.allrecipes.com/recipes/15466/side-dish/fries/
Frittatas,https://www.allrecipes.com/recipes/1564/breakfast-and-brunch/eggs/frittata/
Frostings and Icings,https://www.allrecipes.com/recipes/17100/desserts/frostings-and-icings/
Fruit Salads,https://www.allrecipes.com/recipes/211/salad/fruit-salads/
Fruitcakes,https://www.allrecipes.com/recipes/391/desserts/cakes/fruitcake/
Fudge,https://www.allrecipes.com/recipes/750/desserts/candy/fudge/
Garlic Bread,https://www.allrecipes.com/recipes/14966/appetizers-and-snacks/garlic-bread/
Gazpacho,https://www.allrecipes.com/recipes/14767/soups-stews-and-chili/soup/vegetable-soup/gazpacho/
Gingerbread Cookies,https://www.allrecipes.com/recipes/14712/desserts/cookies/gingerbread-cookies/
Gingersnaps,https://www.allrecipes.com/recipes/17794/desserts/cookies/gingersnaps/
Gluten-Free,https://www.allrecipes.com/recipes/741/healthy-recipes/gluten-free/
Gnocchi,https://www.allrecipes.com/recipes/16808/pasta-and-noodles/pasta-by-shape/gnocchi/
Goulash,https://www.allrecipes.com/recipes/17046/soups-stews-and-chili/stews/goulash/
Granola,https://www.allrecipes.com/recipes/1311/breakfast-and-brunch/cereals/granola/
Gravies,https://www.allrecipes.com/recipes/916/side-dish/sauces-and-condiments/gravy/
Green Salads,https://www.allrecipes.com/recipes/213/salad/green-salads/
Grits,https://www.allrecipes.com/recipes/15899/side-dish/grains/grits/
Ground Beef,https://www.allrecipes.com/recipes/471/meat-and-poultry/beef/ground/
Ground Chicken,https://www.allrecipes.com/recipes/17022/meat-and-poultry/chicken/ground-chicken/
Ground Lamb,https://www.allrecipes.com/recipes/17299/meat-and-poultry/lamb/ground/
Ground Pork,https://www.allrecipes.com/recipes/17021/meat-and-poultry/pork/ground/
Ground Turkey,https://www.allrecipes.com/recipes/693/meat-and-poultry/turkey/ground/
Guacamole,https://www.allrecipes.com/recipes/434/appetizers-and-snacks/dips-and-spreads/guacamole/
Gumbos,https://www.allrecipes.com/recipes/1426/soups-stews-and-chili/stews/gumbo/
Gyros,https://www.allrecipes.com/recipes/16770/main-dish/sandwiches/gyros/
Halloween,https://www.allrecipes.com/recipes/189/holidays-and-events/halloween/
Hanukkah,https://www.allrecipes.com/recipes/190/holidays-and-events/hanukkah/
Hawaiian,https://www.allrecipes.com/recipes/734/us-recipes/us-recipes-by-state/hawaii/
Healthy Recipes,https://www.allrecipes.com/recipes/84/healthy-recipes/
High Fiber,https://www.allrecipes.com/recipes/782/healthy-recipes/high-fiber/
Homemade Pasta,https://www.allrecipes.com/recipes/494/pasta-and-noodles/homemade-pasta/
Hummus,https://www.allrecipes.com/recipes/1281/appetizers-and-snacks/dips-and-spreads/hummus/
Hushpuppies,https://www.allrecipes.com/recipes/17506/side-dish/hushpuppies/
Ice Cream,https://www.allrecipes.com/recipes/1556/desserts/frozen-desserts/ice-cream/
Indian,https://www.allrecipes.com/recipes/233/world-cuisine/asian/indian/
Instant Pot,https://www.allrecipes.com/recipes/22882/everyday-cooking/instant-pot/
Irish Soda Bread,https://www.allrecipes.com/recipes/1452/bread/quick-bread/irish-soda-bread/
Italian,https://www.allrecipes.com/recipes/723/world-cuisine/european/italian/
Jalapeno Poppers,https://www.allrecipes.com/recipes/1241/appetizers-and-snacks/vegetable/jalapeno-poppers/
Jambalayas,https://www.allrecipes.com/recipes/1428/soups-stews-and-chili/stews/jambalaya/
Jams and Jellies,https://www.allrecipes.com/recipes/1961/side-dish/sauces-and-condiments/canning-and-preserving/jams-and-jellies/
Jell-O Salads,https://www.allrecipes.com/recipes/980/desserts/specialty-desserts/dessert-salads/jell-o-salad/
Jell-O Shots,https://www.allrecipes.com/recipes/16832/drinks/shots/jell-o-shots/
Jerky,https://www.allrecipes.com/recipes/17041/appetizers-and-snacks/meat-and-poultry/jerky/
Jewish,https://www.allrecipes.com/recipes/15965/us-recipes/jewish/
July 4th,https://www.allrecipes.com/recipes/191/holidays-and-events/4th-of-july/
Kalbi,https://www.allrecipes.com/recipes/17834/world-cuisine/asian/korean/main-dishes/kalbi/
Keto,https://www.allrecipes.com/recipes/22959/healthy-recipes/keto-diet/
Key Lime Pie,https://www.allrecipes.com/recipes/2409/desserts/pies/custard-and-cream-pies/key-lime-pie/
Kolache,https://www.allrecipes.com/recipes/358/bread/pastries/kolache/
Korean,https://www.allrecipes.com/recipes/700/world-cuisine/asian/korean/
Kosher,https://www.allrecipes.com/recipes/15957/everyday-cooking/kosher/
Kwanzaa,https://www.allrecipes.com/recipes/16329/holidays-and-events/kwanzaa/
Labor Day,https://www.allrecipes.com/recipes/1640/holidays-and-events/labor-day/
Lamb,https://www.allrecipes.com/recipes/203/meat-and-poultry/lamb/
Lasagna,https://www.allrecipes.com/recipes/502/main-dish/pasta/lasagna/
Leftovers,https://www.allrecipes.com/recipes/14503/everyday-cooking/everyday-leftovers/
Lemon Bars,https://www.allrecipes.com/recipes/1995/desserts/cookies/bar-cookies/lemon-bars/
Lemonade,https://www.allrecipes.com/recipes/2817/drinks/lemonade/
Lent,https://www.allrecipes.com/recipes/16098/holidays-and-events/lent/
Lentil Soups,https://www.allrecipes.com/recipes/14726/soups-stews-and-chili/soup/beans-and-peas/lentil-soup/
Lettuce Wraps,https://www.allrecipes.com/recipes/17746/appetizers-and-snacks/wraps-and-rolls/lettuce-wraps/
Linguine,https://www.allrecipes.com/recipes/16854/pasta-and-noodles/pasta-by-shape/linguine/
Low Calorie,https://www.allrecipes.com/recipes/1232/healthy-recipes/low-calorie/
Low Cholesterol,https://www.allrecipes.com/recipes/737/healthy-recipes/low-cholesterol/
Low Fat,https://www.allrecipes.com/recipes/1231/healthy-recipes/low-fat/
Low Glycemic Impact,https://www.allrecipes.com/recipes/15587/healthy-recipes/low-glycemic-impact/
Low Sodium,https://www.allrecipes.com/recipes/1788/healthy-recipes/low-sodium/
Lunar New Year,https://www.allrecipes.com/recipes/17668/holidays-and-events/lunar-new-year/
Lunch,https://www.allrecipes.com/recipes/17561/lunch/
Macaroni and Cheese,https://www.allrecipes.com/recipes/509/main-dish/pasta/macaroni-and-cheese/
Macaroons,https://www.allrecipes.com/recipes/17019/desserts/cookies/macaroons/
Main Dishes,https://www.allrecipes.com/recipes/80/main-dish/
Make-Ahead,https://www.allrecipes.com/recipes/14787/everyday-cooking/make-ahead/
Manicotti,https://www.allrecipes.com/recipes/547/pasta-and-noodles/pasta-by-shape/manicotti/
Mardi Gras,https://www.allrecipes.com/recipes/192/holidays-and-events/mardi-gras/
Margaritas,https://www.allrecipes.com/recipes/14933/drinks/cocktails/margaritas/
Mashed Potatoes,https://www.allrecipes.com/recipes/1457/side-dish/potatoes/mashed-potatoes/
Meal Prep,https://www.allrecipes.com/recipes/23081/everyday-cooking/make-ahead/meal-prep/
Meatballs,https://www.allrecipes.com/recipes/15455/main-dish/meatballs/
Meatloaf,https://www.allrecipes.com/recipes/256/main-dish/meatloaf/
Mediterranean Diet,https://www.allrecipes.com/recipes/16704/healthy-recipes/mediterranean-diet/
Mexican,https://www.allrecipes.com/recipes/728/world-cuisine/latin-american/mexican/
Mincemeat Pie,https://www.allrecipes.com/recipes/12949/desserts/pies/fruit-pies/mincemeat-pie/
Minestrone Soups,https://www.allrecipes.com/recipes/17038/soups-stews-and-chili/soup/vegetable-soup/minestrone/
Mojitos,https://www.allrecipes.com/recipes/15045/drinks/cocktails/mojitos/
Monkey Bread,https://www.allrecipes.com/recipes/354/bread/pastries/monkey-bread/
Mother's Day,https://www.allrecipes.com/recipes/1445/holidays-and-events/mothers-day/
Mousses,https://www.allrecipes.com/recipes/365/desserts/mousse/
Muffins,https://www.allrecipes.com/recipes/350/bread/quick-bread/muffins/
Mushroom Soups,https://www.allrecipes.com/recipes/22778/soups-stews-and-chili/soup/vegetable-soup/mushroom/
Mushrooms,https://www.allrecipes.com/recipes/15172/fruits-and-vegetables/mushrooms/
Nachos,https://www.allrecipes.com/recipes/1228/appetizers-and-snacks/cheese/nachos/
New Year's,https://www.allrecipes.com/recipes/193/holidays-and-events/new-year/
Noodle Casseroles,https://www.allrecipes.com/recipes/1005/main-dish/casseroles/noodles/
Oatmeal,https://www.allrecipes.com/recipes/1315/breakfast-and-brunch/cereals/oatmeal/
Oatmeal Cookies,https://www.allrecipes.com/recipes/851/desserts/cookies/oatmeal-cookies/
Omelets,https://www.allrecipes.com/recipes/1314/breakfast-and-brunch/eggs/omelets/
Overnight Oats,https://www.allrecipes.com/recipes/23121/breakfast-and-brunch/cereals/oatmeal/overnight-oats/
Pad Thai,https://www.allrecipes.com/recipes/17825/world-cuisine/asian/thai/main-dishes/pad-thai/
Paella,https://www.allrecipes.com/recipes/17849/world-cuisine/european/spanish/main-dishes/paella/
Paleo,https://www.allrecipes.com/recipes/16705/healthy-recipes/paleo-diet/
Pancakes,https://www.allrecipes.com/recipes/151/breakfast-and-brunch/pancakes/
Pancit,https://www.allrecipes.com/recipes/23018/world-cuisine/asian/filipino/main-dishes/pancit/
Panini,https://www.allrecipes.com/recipes/16387/main-dish/sandwiches/panini/
Passover,https://www.allrecipes.com/recipes/194/holidays-and-events/passover/
Pasta Carbonara,https://www.allrecipes.com/recipes/17540/main-dish/pasta/pasta-carbonara/
Pasta Primavera,https://www.allrecipes.com/recipes/17020/main-dish/pasta/pasta-primavera/
Pasta Salads,https://www.allrecipes.com/recipes/215/salad/pasta-salad/
Pasties,https://www.allrecipes.com/recipes/15328/main-dish/savory-pies/pasties/
Pastries,https://www.allrecipes.com/recipes/346/bread/pastries/
Pate,https://www.allrecipes.com/recipes/435/appetizers-and-snacks/dips-and-spreads/pate/
Pavlovas,https://www.allrecipes.com/recipes/14964/desserts/specialty-desserts/pavlova/
Peanut Butter Cookies,https://www.allrecipes.com/recipes/852/desserts/cookies/peanut-butter-cookies/
Pecan Pie,https://www.allrecipes.com/recipes/2411/desserts/pies/pecan-pie/
Pestos,https://www.allrecipes.com/recipes/13343/side-dish/sauces-and-condiments/sauces/pesto/
Pet Food,https://www.allrecipes.com/recipes/1951/everyday-cooking/more-meal-ideas/pet-food/
Pickles,https://www.allrecipes.com/recipes/17621/side-dish/sauces-and-condiments/canning-and-preserving/pickled/
Picnic Recipes,https://www.allrecipes.com/recipes/1570/everyday-cooking/on-the-go/picnic/
Pie Crusts,https://www.allrecipes.com/recipes/818/desserts/pies/pie-crusts/
Pierogies,https://www.allrecipes.com/recipes/22857/main-dish/dumplings/pierogies/
Pies,https://www.allrecipes.com/recipes/367/desserts/pies/
Pizza,https://www.allrecipes.com/recipes/250/main-dish/pizza/
Pizza Dough,https://www.allrecipes.com/recipes/1035/bread/pizza-dough-and-crusts/
Polenta,https://www.allrecipes.com/recipes/16769/side-dish/grains/polenta/
Popcorn,https://www.allrecipes.com/recipes/16051/appetizers-and-snacks/snacks/popcorn/
Popovers and Yorkshire Puddings,https://www.allrecipes.com/recipes/14912/bread/quick-bread/popovers-and-yorkshire-pudding/
Pork,https://www.allrecipes.com/recipes/205/meat-and-poultry/pork/
Pork Chops,https://www.allrecipes.com/recipes/674/main-dish/pork/pork-chops/
Pork Ribs,https://www.allrecipes.com/recipes/676/meat-and-poultry/pork/ribs/
Pork Shoulder,https://www.allrecipes.com/recipes/17198/meat-and-poultry/pork/shoulder/
Pork Tenderloin,https://www.allrecipes.com/recipes/1014/meat-and-poultry/pork/tenderloin/
Pot Pies,https://www.allrecipes.com/recipes/2268/main-dish/savory-pies/pot-pie/
Pot Roast,https://www.allrecipes.com/recipes/1469/main-dish/beef/pot-roast/
Potato Pancakes,https://www.allrecipes.com/recipes/1545/side-dish/potatoes/potato-pancakes/
Potato Salads,https://www.allrecipes.com/recipes/217/salad/potato-salad/
Potato Soups,https://www.allrecipes.com/recipes/1552/soups-stews-and-chili/soup/vegetable-soup/potato-soup/
Potluck Recipes,https://www.allrecipes.com/recipes/1536/everyday-cooking/on-the-go/potluck/
Pound Cakes,https://www.allrecipes.com/recipes/395/desserts/cakes/pound-cake/
Pretzels,https://www.allrecipes.com/recipes/16220/bread/yeast-bread/pretzels/
Prime Rib,https://www.allrecipes.com/recipes/1012/meat-and-poultry/beef/rib-roast/
Pulled Pork,https://www.allrecipes.com/recipes/16543/main-dish/pork/pulled-pork/
Pumpkin Breads,https://www.allrecipes.com/recipes/347/bread/quick-bread/pumpkin-bread/
Pumpkin Pie,https://www.allrecipes.com/recipes/819/desserts/pies/pumpkin-pie/
Pumpkin Seeds,https://www.allrecipes.com/recipes/969/appetizers-and-snacks/nuts-and-seeds/pumpkin-seeds/
Punch,https://www.allrecipes.com/recipes/136/drinks/punch/
Purim,https://www.allrecipes.com/recipes/1444/holidays-and-events/purim/
Quesadillas,https://www.allrecipes.com/recipes/1905/world-cuisine/latin-american/mexican/main-dishes/quesadillas/
Quiches,https://www.allrecipes.com/recipes/16793/main-dish/quiche/
Quick and Easy Recipes,https://www.allrecipes.com/recipes/1947/everyday-cooking/quick-and-easy/
Quinoa,https://www.allrecipes.com/recipes/15592/ingredients/whole-grains/quinoa/
Ramadan,https://www.allrecipes.com/recipes/195/holidays-and-events/ramadan/
Ravioli,https://www.allrecipes.com/recipes/16855/pasta-and-noodles/pasta-by-shape/ravioli/
Raw Food Diet,https://www.allrecipes.com/recipes/16337/healthy-recipes/raw-food-diet/
Refried Beans,https://www.allrecipes.com/recipes/17873/side-dish/beans-and-peas/refried-beans/
Relishes,https://www.allrecipes.com/recipes/13378/side-dish/sauces-and-condiments/relishes/
Rhubarb Pie,https://www.allrecipes.com/recipes/12953/desserts/pies/fruit-pies/rhubarb-pie/
Ribs,https://www.allrecipes.com/recipes/261/main-dish/ribs/
Rice Casseroles,https://www.allrecipes.com/recipes/1004/main-dish/casseroles/rice/
Rice Pilaf,https://www.allrecipes.com/recipes/14364/side-dish/rice/pilaf/
Rice Puddings,https://www.allrecipes.com/recipes/14442/desserts/custards-and-puddings/rice-pudding/
Risotto,https://www.allrecipes.com/recipes/14362/main-dish/rice/risotto/
Road Trip Snacks,https://www.allrecipes.com/recipes/1991/everyday-cooking/on-the-go/road-trip-snacks/
Roasts,https://www.allrecipes.com/recipes/258/main-dish/roasts/
Rosh Hashanah,https://www.allrecipes.com/recipes/196/holidays-and-events/rosh-hashanah/
Salad Dressings,https://www.allrecipes.com/recipes/210/side-dish/sauces-and-condiments/salad-dressings/
Salads,https://www.allrecipes.com/recipes/96/salad/
Salisbury Steak,https://www.allrecipes.com/recipes/17656/main-dish/beef/salisbury-steak/
Salmon,https://www.allrecipes.com/recipes/416/seafood/fish/salmon/
Salsas,https://www.allrecipes.com/recipes/436/appetizers-and-snacks/dips-and-spreads/salsa/
Samosas,https://www.allrecipes.com/recipes/17776/appetizers-and-snacks/pastries/samosas/
Sandwich Cookies,https://www.allrecipes.com/recipes/16416/desserts/cookies/sandwich-cookies/
Sandwiches,https://www.allrecipes.com/recipes/251/main-dish/sandwiches/
Sangrias,https://www.allrecipes.com/recipes/242/drinks/sangria/
Sausage,https://www.allrecipes.com/recipes/16546/meat-and-poultry/sausage/
Scones,https://www.allrecipes.com/recipes/1997/bread/quick-bread/scones/
Seder,https://www.allrecipes.com/recipes/985/holidays-and-events/passover/seder/
Seitan,https://www.allrecipes.com/recipes/17624/everyday-cooking/vegetarian/protein/seitan/
Shepherd's Pie,https://www.allrecipes.com/recipes/2270/main-dish/savory-pies/shepherds-pie/
Shortbread,https://www.allrecipes.com/recipes/855/desserts/cookies/butter-cookies/shortbread-cookies/
Shortcakes,https://www.allrecipes.com/recipes/15066/desserts/cakes/shortcake/
Shrimp and Grits,https://www.allrecipes.com/recipes/16685/main-dish/seafood/shrimp/shrimp-and-grits/
Shrimp Scampi,https://www.allrecipes.com/recipes/15853/main-dish/seafood/shrimp/shrimp-scampi/
Side Dishes,https://www.allrecipes.com/recipes/81/side-dish/
Slab Pie,https://www.allrecipes.com/recipes/17640/desserts/pies/slab-pie/
Sliders,https://www.allrecipes.com/recipes/17308/everyday-cooking/more-meal-ideas/mini-foods/main-dishes/sliders/
Sloppy Joes,https://www.allrecipes.com/recipes/14930/main-dish/sandwiches/sloppy-joes/
Slow Cooker Recipes,https://www.allrecipes.com/recipes/253/everyday-cooking/slow-cooker/
Smoothies,https://www.allrecipes.com/recipes/138/drinks/smoothies/
Snickerdoodles,https://www.allrecipes.com/recipes/16420/desserts/cookies/snickerdoodles/
Soups,https://www.allrecipes.com/recipes/16369/soups-stews-and-chili/soup/
Sous Vide Recipes,https://www.allrecipes.com/recipes/23455/everyday-cooking/cookware-and-equipment/sous-vide/
Spaghetti,https://www.allrecipes.com/recipes/505/main-dish/pasta/spaghetti/
Spanish Rice,https://www.allrecipes.com/recipes/17482/side-dish/rice/spanish-rice/
Spice Cakes,https://www.allrecipes.com/recipes/396/desserts/cakes/spice-cake/
Spinach Dips,https://www.allrecipes.com/recipes/1242/appetizers-and-snacks/dips-and-spreads/spinach-dips/
Split Pea Soups,https://www.allrecipes.com/recipes/14728/soups-stews-and-chili/soup/beans-and-peas/split-pea-soup/
Spritz Cookies,https://www.allrecipes.com/recipes/858/desserts/cookies/butter-cookies/spritz-cookies/
St. Patrick's Day,https://www.allrecipes.com/recipes/197/holidays-and-events/st-patricks-day/
Stews,https://www.allrecipes.com/recipes/183/soups-stews-and-chili/stews/
Stir-Fries,https://www.allrecipes.com/recipes/259/main-dish/stir-fry/
Strawberry Pie,https://www.allrecipes.com/recipes/12954/desserts/pies/fruit-pies/strawberry-pie/
Strawberry Shortcakes,https://www.allrecipes.com/recipes/16357/desserts/cakes/shortcake/strawberry-shortcake/
Stuffed Mushrooms,https://www.allrecipes.com/recipes/14906/appetizers-and-snacks/vegetable/mushrooms/stuffed-mushrooms/
Stuffed Peppers,https://www.allrecipes.com/recipes/13289/main-dish/stuffed-main-dishes/stuffed-bell-peppers/
Sugar Cookies,https://www.allrecipes.com/recipes/859/desserts/cookies/sugar-cookies/
Sugar-Free Recipes,https://www.allrecipes.com/recipes/931/healthy-recipes/sugar-free/
Sushi,https://www.allrecipes.com/recipes/17498/world-cuisine/asian/japanese/main-dishes/sushi/
Sweet Potato Pie,https://www.allrecipes.com/recipes/822/desserts/pies/sweet-potato-pie/
Swiss Steak,https://www.allrecipes.com/recipes/17320/main-dish/beef/swiss-steak/
Taco Salads,https://www.allrecipes.com/recipes/17534/salad/taco-salad/
Tacos,https://www.allrecipes.com/recipes/17874/main-dish/tacos/
Tailgating,https://www.allrecipes.com/recipes/1569/everyday-cooking/on-the-go/tailgating/
Tamales,https://www.allrecipes.com/recipes/16080/world-cuisine/latin-american/mexican/main-dishes/tamales/
Tapas,https://www.allrecipes.com/recipes/17807/appetizers-and-snacks/tapas/
Tater Tot Casseroles,https://www.allrecipes.com/recipes/17661/main-dish/casseroles/vegetable/tater-tots/
Tempeh,https://www.allrecipes.com/recipes/16777/everyday-cooking/vegetarian/protein/tempeh/
Tetrazzini,https://www.allrecipes.com/recipes/16815/main-dish/pasta/tetrazzini/
Tex-Mex,https://www.allrecipes.com/recipes/17502/us-recipes/tex-mex/
Thanksgiving,https://www.allrecipes.com/recipes/198/holidays-and-events/thanksgiving/
Thumbprint Cookies,https://www.allrecipes.com/recipes/14691/desserts/cookies/thumbprint-cookies/
Tiramisu,https://www.allrecipes.com/recipes/375/desserts/specialty-desserts/tiramisu/
Toffee,https://www.allrecipes.com/recipes/401/desserts/candy/toffee/
Tofu,https://www.allrecipes.com/recipes/270/everyday-cooking/vegetarian/protein/tofu/
Tomato Salads,https://www.allrecipes.com/recipes/15102/salad/vegetable-salads/tomato-salad/
Tortellini,https://www.allrecipes.com/recipes/515/pasta-and-noodles/pasta-by-shape/tortellini/
Tortes,https://www.allrecipes.com/recipes/398/desserts/cakes/tortes/
Tortillas,https://www.allrecipes.com/recipes/15855/bread/quick-bread/tortillas/
Tostadas,https://www.allrecipes.com/recipes/23012/world-cuisine/latin-american/mexican/main-dishes/tostadas/
Truffles,https://www.allrecipes.com/recipes/751/desserts/candy/truffles/
Tuna Casseroles,https://www.allrecipes.com/recipes/15020/main-dish/casseroles/seafood/tuna/
Tuna Salads,https://www.allrecipes.com/recipes/2809/salad/seafood-salad/tuna-salad/
Turkey,https://www.allrecipes.com/recipes/206/meat-and-poultry/turkey/
Turkey Brines,https://www.allrecipes.com/recipes/15901/meat-and-poultry/turkey/brine/
TVP Recipes,https://www.allrecipes.com/recipes/17251/everyday-cooking/vegetarian/protein/tvp/
Upside-Down Cakes,https://www.allrecipes.com/recipes/11980/desserts/cakes/upside-down-cake/
Valentine's Day,https://www.allrecipes.com/recipes/199/holidays-and-events/valentines-day/
Vegan,https://www.allrecipes.com/recipes/1227/everyday-cooking/vegan/
Vegetable Side Dishes,https://www.allrecipes.com/recipes/225/side-dish/vegetables/
Vegetables A to Z,https://www.allrecipes.com/recipes/1059/fruits-and-vegetables/vegetables/
Vegetarian,https://www.allrecipes.com/recipes/87/everyday-cooking/vegetarian/
Waffles,https://www.allrecipes.com/recipes/1316/breakfast-and-brunch/waffles/
Waldorf Salads,https://www.allrecipes.com/recipes/16932/salad/waldorf-salad/
Whole Wheat Breads,https://www.allrecipes.com/recipes/15509/bread/yeast-bread/whole-grain-bread/wheat-bread/
Whole30,https://www.allrecipes.com/recipes/22590/healthy-recipes/whole30/
Whoopie Pies,https://www.allrecipes.com/recipes/16417/desserts/cookies/whoopie-pies/
Winter Squash,https://www.allrecipes.com/recipes/1097/fruits-and-vegetables/vegetables/squash/winter-squash/
Yams,https://www.allrecipes.com/recipes/2452/fruits-and-vegetables/vegetables/yams/
Yeast Breads,https://www.allrecipes.com/recipes/339/bread/yeast-bread/
Ziti,https://www.allrecipes.com/recipes/550/pasta-and-noodles/pasta-by-shape/ziti/
Zucchini Breads,https://www.allrecipes.com/recipes/348/bread/quick-bread/zucchini-bread/
