recipe,url
Spiced Air-Fried Chickpeas,https://www.allrecipes.com/recipe/264820/spiced-air-fried-chickpeas/
Air Fryer Pasta Chips,https://www.allrecipes.com/recipe/279396/air-fryer-pasta-chips/
Air Fryer Hard-Boiled Eggs,https://www.allrecipes.com/recipe/277952/air-fryer-hard-boiled-eggs/
Air Fryer Zucchini Chips,https://www.allrecipes.com/recipe/267107/air-fryer-zucchini-chips/
Air Fryer Corn Nuts,https://www.allrecipes.com/recipe/269456/air-fryer-corn-nuts/
Air Fryer Potato Chips,https://www.allrecipes.com/recipe/279646/air-fryer-potato-chips/
Air Fryer Sugared Pecans,https://www.allrecipes.com/recipe/279732/air-fryer-sugared-pecans/
Air Fryer Baba Ganoush,https://www.allrecipes.com/recipe/275991/air-fryer-baba-ganoush/
Air Fryer Ham and Cheese Crescent Rolls,https://www.allrecipes.com/recipe/286354/air-fryer-ham-and-cheese-crescent-rolls/
Air Fryer Pumpkin Seeds,https://www.allrecipes.com/recipe/269968/air-fryer-pumpkin-seeds/
Air Fryer Everything Bagel Bites,https://www.allrecipes.com/recipe/282887/air-fryer-everything-bagel-bites/
Air Fryer Steak Jerky,https://www.allrecipes.com/recipe/279281/air-fryer-steak-jerky/
Air Fryer Roasted Salsa,https://www.allrecipes.com/recipe/279922/air-fryer-roasted-salsa/
Air Fryer Hush Puppies,https://www.allrecipes.com/recipe/277403/air-fryer-hush-puppies/
Air-Fried Sweet Wontons,https://www.allrecipes.com/recipe/285610/air-fried-sweet-wontons/
Air Fryer Zucchini Chips,https://www.allrecipes.com/recipe/267107/air-fryer-zucchini-chips/
"Air-Fried Ratatouille, Italian-Style",https://www.allrecipes.com/recipe/265536/air-fried-ratatouille-italian-style/
Rosemary Potato Wedges for the Air Fryer,https://www.allrecipes.com/recipe/267104/rosemary-potato-wedges-for-the-air-fryer/
Potato Hay,https://www.allrecipes.com/recipe/257092/potato-hay/
Air Fryer Roasted Cauliflower,https://www.allrecipes.com/recipe/267304/air-fryer-roasted-cauliflower/
Air Fryer Baked Potatoes,https://www.allrecipes.com/recipe/265979/air-fryer-baked-potatoes/
Air Fryer Roasted Broccoli and Cauliflower,https://www.allrecipes.com/recipe/267105/air-fryer-roasted-broccoli-and-cauliflower/
Air Fryer Sweet Potato Tots,https://www.allrecipes.com/recipe/266540/air-fryer-sweet-potato-tots/
Air Fryer Root Vegetables with Vegan Aioli,https://www.allrecipes.com/recipe/277360/air-fryer-root-vegetables-with-vegan-aioli/
Air Fryer Brussels Sprouts,https://www.allrecipes.com/recipe/267255/air-fryer-brussels-sprouts/
Air Fryer Roasted Okra,https://www.allrecipes.com/recipe/267772/air-fryer-roasted-okra/
Air Fryer Mushrooms,https://www.allrecipes.com/recipe/275679/air-fryer-mushrooms/
Air Fryer Spicy Green Beans,https://www.allrecipes.com/recipe/267149/air-fryer-spicy-green-beans/
Air Fryer Broccoli with Everything Bagel Seasoning,https://www.allrecipes.com/recipe/285706/air-fryer-broccoli-with-everything-bagel-seasoning/
Chinese Five-Spice Air Fryer Butternut Squash Fries,https://www.allrecipes.com/recipe/269233/chinese-five-spice-air-fryer-butternut-squash-fries/
Air Fryer Fried Green Tomatoes,https://www.allrecipes.com/recipe/275772/air-fryer-fried-green-tomatoes/
